<?xml version="1.0" encoding="UTF-8"?>
<project-private xmlns="http://www.netbeans.org/ns/project-private/1">
    <editor-bookmarks xmlns="http://www.netbeans.org/ns/editor-bookmarks/2" lastBookmarkId="0"/>
    <open-files xmlns="http://www.netbeans.org/ns/projectui-open-files/2">
        <group>
            <file>file:/C:/xampp/htdocs/BunnyChat/home.php</file>
            <file>file:/C:/xampp/htdocs/BunnyChat/css/mystyle.css</file>
            <file>file:/C:/xampp/htdocs/BunnyChat/js/adminActions.js</file>
            <file>file:/C:/xampp/htdocs/BunnyChat/ActionHandler.php</file>
            <file>file:/C:/xampp/htdocs/BunnyChat/Register.php</file>
            <file>file:/C:/xampp/htdocs/BunnyChat/Admin.php</file>
            <file>file:/C:/xampp/htdocs/BunnyChat/HomeActions.php</file>
            <file>file:/C:/xampp/htdocs/BunnyChat/js/homeActions.js</file>
            <file>file:/C:/xampp/htdocs/BunnyChat/AdminActions.php</file>
            <file>file:/C:/xampp/htdocs/BunnyChat/index.php</file>
            <file>file:/C:/xampp/htdocs/BunnyChat/ChatDAO.php</file>
        </group>
    </open-files>
</project-private>
